Date,Time,Area A Queue Size,Area B Queue Size,Area C Queue Size,Area D Queue Size,Peak Time,Previous Priority,Priority
17/01/2019,07:00:00,21,32,35,36,true,0,0
17/01/2019,07:01:00,42,32,35,36,true,0,D
17/01/2019,07:02:00,38,32,35,68,true,D,A
17/01/2019,07:03:00,61,32,35,14,true,A,D
17/01/2019,07:04:00,55,32,35,63,true,D,A
17/01/2019,07:05:00,71,69,35,46,true,A,D
17/01/2019,07:06:00,64,102,35,46,true,D,A
17/01/2019,07:07:00,80,94,35,46,true,A,B
17/01/2019,07:08:00,56,119,35,46,true,B,A
17/01/2019,07:09:00,56,82,35,46,true,A,B
17/01/2019,07:10:00,32,109,35,79,true,B,A
17/01/2019,07:11:00,49,72,35,123,true,A,B
17/01/2019,07:12:00,49,72,35,116,true,B,D
17/01/2019,07:13:00,49,61,35,116,true,D,B
17/01/2019,07:14:00,49,96,35,63,true,B,D
17/01/2019,07:15:00,49,59,35,110,true,D,B
17/01/2019,07:16:00,65,59,62,57,true,B,D
17/01/2019,07:17:00,58,59,62,109,true,D,A
17/01/2019,07:18:00,76,59,62,91,true,A,D
17/01/2019,07:19:00,52,91,62,91,true,D,A
17/01/2019,07:20:00,52,121,62,38,true,A,D
17/01/2019,07:21:00,52,107,62,38,true,D,B
17/01/2019,07:22:00,72,107,46,75,true,B,C
17/01/2019,07:23:00,72,102,77,122,true,C,B
17/01/2019,07:24:00,72,102,77,69,true,B,D
17/01/2019,07:25:00,90,99,119,112,true,D,B
17/01/2019,07:26:00,90,99,74,146,true,B,C
17/01/2019,07:27:00,90,99,74,93,true,C,D
17/01/2019,07:28:00,90,62,74,131,true,D,B
17/01/2019,07:29:00,114,62,114,114,true,B,D
17/01/2019,07:30:00,109,62,114,114,true,D,A
17/01/2019,07:31:00,125,62,114,61,true,A,D
17/01/2019,07:32:00,101,62,144,61,true,D,A
17/01/2019,07:33:00,101,91,128,97,true,A,C
17/01/2019,07:34:00,77,91,128,97,true,C,A
17/01/2019,07:35:00,77,91,83,97,true,A,C
17/01/2019,07:36:00,93,123,83,44,true,C,D
17/01/2019,07:37:00,93,115,126,44,true,D,B
17/01/2019,07:38:00,93,115,81,44,true,B,C
17/01/2019,07:39:00,114,78,81,85,true,C,B
17/01/2019,07:40:00,105,78,81,125,true,B,A
17/01/2019,07:41:00,105,101,81,72,true,A,D
17/01/2019,07:42:00,81,101,118,72,true,D,A
17/01/2019,07:43:00,81,137,73,72,true,A,C
17/01/2019,07:44:00,81,100,73,72,true,C,B
17/01/2019,07:45:00,57,100,73,72,true,B,A
17/01/2019,07:46:00,57,63,116,72,true,A,B
17/01/2019,07:47:00,57,63,104,72,true,B,C
17/01/2019,07:48:00,57,93,104,19,true,C,D
17/01/2019,07:49:00,57,93,59,56,true,D,C
17/01/2019,07:50:00,75,56,59,56,true,C,B
17/01/2019,07:51:00,51,56,59,56,true,B,A
17/01/2019,07:52:00,51,87,14,95,true,A,C
17/01/2019,07:53:00,51,87,54,42,true,C,D
17/01/2019,07:54:00,51,50,96,93,true,D,B
17/01/2019,07:55:00,51,50,51,134,true,B,C
17/01/2019,07:56:00,51,50,51,81,true,C,D
17/01/2019,07:57:00,51,50,48,81,true,D,C
17/01/2019,07:58:00,51,76,81,71,true,C,D
17/01/2019,07:59:00,51,104,36,71,true,D,C
17/01/2019,08:00:00,51,67,36,71,true,C,B
17/01/2019,08:01:00,51,96,74,18,true,B,D
17/01/2019,08:02:00,51,93,74,68,true,D,B
17/01/2019,08:03:00,51,126,29,68,true,B,C
17/01/2019,08:04:00,51,90,29,68,true,C,B
17/01/2019,08:05:00,51,90,29,15,true,B,D
17/01/2019,08:06:00,51,54,29,15,true,D,B
17/01/2019,08:07:00,27,88,29,65,true,B,A
17/01/2019,08:08:00,27,52,29,101,true,A,B
17/01/2019,08:09:00,27,80,70,89,true,B,D
17/01/2019,08:10:00,44,74,70,123,true,D,B
17/01/2019,08:11:00,44,74,70,70,true,B,D
17/01/2019,08:12:00,44,38,70,70,true,D,B
17/01/2019,08:13:00,44,38,99,54,true,B,D
17/01/2019,08:14:00,68,61,54,54,true,D,C
17/01/2019,08:15:00,63,89,84,88,true,C,A
17/01/2019,08:16:00,63,83,84,134,true,A,B
17/01/2019,08:17:00,63,83,84,81,true,B,D
17/01/2019,08:18:00,63,83,75,121,true,D,C
17/01/2019,08:19:00,63,83,75,68,true,C,D
17/01/2019,08:20:00,82,47,111,68,true,D,B
17/01/2019,08:21:00,98,47,104,114,true,B,C
17/01/2019,08:22:00,121,76,104,61,true,C,D
17/01/2019,08:23:00,115,76,104,61,true,D,A
17/01/2019,08:24:00,115,76,59,61,true,A,C
17/01/2019,08:25:00,91,111,59,103,true,C,A
17/01/2019,08:26:00,112,75,59,103,true,A,B
17/01/2019,08:27:00,88,75,87,103,true,B,A
17/01/2019,08:28:00,104,75,87,100,true,A,D
17/01/2019,08:29:00,80,75,87,143,true,D,A
17/01/2019,08:30:00,97,106,87,139,true,A,D
17/01/2019,08:31:00,117,70,114,139,true,D,B
17/01/2019,08:32:00,117,70,114,87,true,B,D
17/01/2019,08:33:00,93,95,114,138,true,D,A
17/01/2019,08:34:00,107,95,114,86,true,A,D
17/01/2019,08:35:00,107,95,102,123,true,D,C
17/01/2019,08:36:00,107,95,102,71,true,C,D
17/01/2019,08:37:00,83,129,102,71,true,D,A
17/01/2019,08:38:00,83,93,143,107,true,A,B
17/01/2019,08:39:00,83,126,98,107,true,B,C
17/01/2019,08:40:00,83,90,98,148,true,C,B
17/01/2019,08:41:00,101,120,98,145,true,B,D
17/01/2019,08:42:00,101,109,98,145,true,D,B
17/01/2019,08:43:00,101,109,98,93,true,B,D
17/01/2019,08:44:00,101,73,138,135,true,D,B
17/01/2019,08:45:00,101,97,93,135,true,B,C
17/01/2019,08:46:00,101,97,93,83,true,C,D
17/01/2019,08:47:00,101,97,93,83,true,D,A
17/01/2019,08:48:00,117,84,127,125,true,A,B
17/01/2019,08:49:00,117,84,82,172,true,B,C
17/01/2019,08:50:00,117,84,118,120,true,C,D
17/01/2019,08:51:00,117,107,73,120,true,D,C
17/01/2019,08:52:00,134,140,73,68,true,C,D
17/01/2019,08:53:00,134,104,73,110,true,D,B
17/01/2019,08:54:00,110,104,100,110,true,B,A
17/01/2019,08:55:00,126,134,135,58,true,A,D
17/01/2019,08:56:00,149,134,90,58,true,D,C
17/01/2019,08:57:00,125,134,118,58,true,C,A
17/01/2019,08:58:00,125,134,118,58,true,A,B
17/01/2019,08:59:00,101,134,157,100,true,B,A
17/01/2019,09:00:00,101,161,113,134,true,A,C
17/01/2019,09:01:00,121,125,113,134,true,C,B
17/01/2019,09:02:00,121,125,150,114,true,B,D
17/01/2019,09:03:00,142,125,106,114,true,D,C
17/01/2019,09:04:00,118,125,106,160,true,C,A
17/01/2019,09:05:00,141,147,149,156,true,A,D
17/01/2019,09:06:00,141,147,105,196,true,D,C
17/01/2019,09:07:00,141,177,143,144,true,C,D
17/01/2019,09:08:00,141,141,174,144,true,D,B
17/01/2019,09:09:00,141,141,130,144,true,B,C
17/01/2019,09:10:00,141,141,159,92,true,C,D
17/01/2019,09:11:00,141,141,115,92,true,D,C
17/01/2019,09:12:00,141,129,150,92,true,C,B
17/01/2019,09:13:00,141,156,106,92,true,B,C
17/01/2019,09:14:00,141,120,106,92,true,C,B
17/01/2019,09:15:00,134,120,106,92,true,B,A
17/01/2019,09:16:00,134,84,106,92,true,A,B
17/01/2019,09:17:00,110,114,138,92,true,B,A
17/01/2019,09:18:00,110,114,94,92,true,A,C
17/01/2019,09:19:00,110,78,127,92,true,C,B
17/01/2019,09:20:00,110,78,83,131,true,B,C
17/01/2019,09:21:00,124,113,83,114,true,C,D
17/01/2019,09:22:00,100,136,121,114,true,D,A
17/01/2019,09:23:00,100,100,121,154,true,A,B
17/01/2019,09:24:00,115,100,156,102,true,B,D
17/01/2019,09:25:00,138,100,112,134,true,D,C
17/01/2019,09:26:00,135,100,112,134,true,C,A
17/01/2019,09:27:00,135,100,112,82,true,A,D
17/01/2019,09:28:00,111,100,112,82,true,D,A
17/01/2019,09:29:00,111,100,101,82,true,A,C
17/01/2019,09:30:00,87,126,101,131,true,C,A
17/01/2019,09:31:00,87,126,101,79,true,A,D
17/01/2019,09:32:00,104,90,101,79,true,D,B
17/01/2019,09:33:00,94,115,101,79,true,B,A
17/01/2019,09:34:00,94,101,101,79,true,A,B
17/01/2019,09:35:00,94,101,57,123,true,B,C
17/01/2019,09:36:00,109,130,57,71,true,C,D
17/01/2019,09:37:00,109,94,57,106,true,D,B
17/01/2019,09:38:00,106,129,97,106,true,B,A
17/01/2019,09:39:00,106,93,97,106,true,A,B
17/01/2019,09:40:00,82,93,97,106,true,B,A
17/01/2019,09:41:00,102,121,97,54,true,A,D
17/01/2019,09:42:00,102,85,97,104,true,D,B
17/01/2019,09:43:00,102,85,139,93,true,B,D
17/01/2019,09:44:00,102,113,128,93,true,D,C
17/01/2019,09:45:00,102,77,170,93,true,C,B
17/01/2019,09:46:00,122,105,126,93,true,B,C
17/01/2019,09:47:00,98,105,126,126,true,C,A
17/01/2019,09:48:00,98,105,82,126,true,A,C
17/01/2019,09:49:00,98,133,82,118,true,C,D
17/01/2019,09:50:00,98,97,82,118,true,D,B
17/01/2019,09:51:00,121,97,119,66,true,B,D
17/01/2019,09:52:00,97,97,119,117,true,D,A
17/01/2019,09:53:00,97,123,75,151,true,A,C
17/01/2019,09:54:00,97,123,75,132,true,C,D
17/01/2019,09:55:00,97,109,75,132,true,D,B
17/01/2019,09:56:00,115,109,75,118,true,B,D
17/01/2019,09:57:00,91,109,75,118,true,D,A
17/01/2019,09:58:00,111,133,118,67,true,A,D
17/01/2019,09:59:00,111,130,118,67,true,D,B
17/01/2019,10:00:00,111,143,74,95,false,B,C
17/01/2019,10:01:00,111,143,74,44,false,C,D
17/01/2019,10:02:00,87,163,74,44,false,D,A
17/01/2019,10:03:00,87,141,74,54,false,A,B
17/01/2019,10:04:00,98,141,30,54,false,B,C
17/01/2019,10:05:00,106,141,30,3,false,C,D
17/01/2019,10:06:00,82,161,30,3,false,D,A
17/01/2019,10:07:00,82,140,30,21,false,A,B
17/01/2019,10:08:00,82,140,22,21,false,B,C
17/01/2019,10:09:00,82,147,22,0,false,C,D
17/01/2019,10:10:00,58,167,46,30,false,D,A
17/01/2019,10:11:00,58,131,46,51,false,A,B
17/01/2019,10:12:00,58,150,2,51,false,B,C
17/01/2019,10:13:00,58,150,2,0,false,C,D
17/01/2019,10:14:00,34,150,2,0,false,D,A
17/01/2019,10:15:00,34,130,15,28,false,A,B
17/01/2019,10:16:00,34,150,0,41,false,B,C
17/01/2019,10:17:00,34,150,26,0,false,C,D
17/01/2019,10:18:00,21,150,26,14,false,D,A
17/01/2019,10:19:00,21,114,26,14,false,A,B
17/01/2019,10:20:00,21,114,0,14,false,B,C
17/01/2019,10:21:00,21,114,0,0,false,C,D
17/01/2019,10:22:00,5,114,0,0,false,D,A
17/01/2019,10:23:00,5,78,14,29,false,A,B
17/01/2019,10:24:00,5,78,0,29,false,B,C
17/01/2019,10:25:00,19,78,0,0,false,C,D
17/01/2019,10:26:00,5,78,0,0,false,D,A
17/01/2019,10:27:00,5,42,9,23,false,A,B
17/01/2019,10:28:00,5,42,0,54,false,B,C
17/01/2019,10:29:00,16,42,0,3,false,C,D
17/01/2019,10:30:00,0,56,13,3,false,D,A
17/01/2019,10:31:00,6,20,13,3,false,A,B
17/01/2019,10:32:00,6,20,22,3,false,B,C
17/01/2019,10:33:00,6,40,22,0,false,C,D
17/01/2019,10:34:00,0,40,37,0,false,D,A
17/01/2019,10:35:00,0,4,37,27,false,A,B
17/01/2019,10:36:00,5,18,0,27,false,B,C
17/01/2019,10:37:00,5,18,0,0,false,C,D
17/01/2019,10:38:00,0,18,0,0,false,D,A
17/01/2019,10:39:00,0,0,17,23,false,A,B
17/01/2019,10:40:00,0,0,0,23,false,B,C
17/01/2019,10:41:00,0,0,24,0,false,C,D
17/01/2019,10:42:00,8,0,33,10,false,D,A
17/01/2019,10:43:00,13,0,46,32,false,A,B
17/01/2019,10:44:00,13,12,14,32,false,B,C
17/01/2019,10:45:00,21,12,14,0,false,C,D
17/01/2019,10:46:00,0,12,14,0,false,D,A
17/01/2019,10:47:00,8,0,35,18,false,A,B
17/01/2019,10:48:00,21,0,0,18,false,B,C
17/01/2019,10:49:00,21,0,0,13,false,C,D
17/01/2019,10:50:00,0,0,23,13,false,D,A
17/01/2019,10:51:00,0,0,23,13,false,A,B
17/01/2019,10:52:00,0,0,0,13,false,B,C
17/01/2019,10:53:00,0,0,0,0,false,C,D
17/01/2019,10:54:00,0,0,0,28,false,D,A
17/01/2019,10:55:00,0,8,0,28,false,A,B
17/01/2019,10:56:00,11,20,0,28,false,B,C
17/01/2019,10:57:00,18,20,25,10,false,C,D
17/01/2019,10:58:00,0,20,25,10,false,D,A
17/01/2019,10:59:00,0,17,25,10,false,A,B
17/01/2019,11:00:00,0,17,18,10,false,B,C
17/01/2019,11:01:00,11,26,32,0,false,C,D
17/01/2019,11:02:00,0,26,32,17,false,D,A
17/01/2019,11:03:00,0,0,32,17,false,A,B
17/01/2019,11:04:00,6,14,0,17,false,B,C
17/01/2019,11:05:00,6,14,0,0,false,C,D
17/01/2019,11:06:00,11,30,0,0,false,D,A
17/01/2019,11:07:00,11,11,0,30,false,A,B
17/01/2019,11:08:00,11,11,0,30,false,B,C
17/01/2019,11:09:00,20,27,21,0,false,C,D
17/01/2019,11:10:00,5,27,21,0,false,D,A
17/01/2019,11:11:00,19,15,21,0,false,A,B
17/01/2019,11:12:00,19,15,10,0,false,B,C
17/01/2019,11:13:00,29,25,10,0,false,C,D
17/01/2019,11:14:00,5,25,35,30,false,D,A
17/01/2019,11:15:00,5,0,58,30,false,A,B
17/01/2019,11:16:00,18,0,14,30,false,B,C
17/01/2019,11:17:00,18,0,14,0,false,C,D
17/01/2019,11:18:00,9,15,14,25,false,D,A
17/01/2019,11:19:00,23,12,14,51,false,A,B
17/01/2019,11:20:00,23,12,0,64,false,B,C
17/01/2019,11:21:00,23,31,0,13,false,C,D
17/01/2019,11:22:00,10,44,0,34,false,D,A
17/01/2019,11:23:00,10,23,0,34,false,A,B
17/01/2019,11:24:00,10,23,0,34,false,B,C
17/01/2019,11:25:00,10,23,0,0,false,C,D
17/01/2019,11:26:00,13,36,0,0,false,D,A
17/01/2019,11:27:00,13,0,26,18,false,A,B
17/01/2019,11:28:00,18,0,0,18,false,B,C
17/01/2019,11:29:00,18,0,0,0,false,C,D
17/01/2019,11:30:00,6,18,0,22,false,D,A
17/01/2019,11:31:00,6,7,0,22,false,A,B
17/01/2019,11:32:00,6,7,15,22,false,B,C
17/01/2019,11:33:00,6,7,15,0,false,C,D
17/01/2019,11:34:00,0,27,15,18,false,D,A
17/01/2019,11:35:00,0,0,15,18,false,A,B
17/01/2019,11:36:00,0,9,11,18,false,B,C
17/01/2019,11:37:00,0,9,11,0,false,C,D
17/01/2019,11:38:00,0,9,26,0,false,D,A
17/01/2019,11:39:00,5,16,26,0,false,A,B
17/01/2019,11:40:00,19,32,0,14,false,B,C
17/01/2019,11:41:00,19,32,0,0,false,C,D
17/01/2019,11:42:00,0,32,25,0,false,D,A
17/01/2019,11:43:00,0,0,25,23,false,A,B
17/01/2019,11:44:00,6,0,0,23,false,B,C
17/01/2019,11:45:00,6,0,0,0,false,C,D
17/01/2019,11:46:00,0,0,0,0,false,D,A
17/01/2019,11:47:00,6,14,21,0,false,A,B
17/01/2019,11:48:00,13,14,0,0,false,B,C
17/01/2019,11:49:00,13,26,17,0,false,C,D
17/01/2019,11:50:00,0,26,17,22,false,D,A
17/01/2019,11:51:00,0,0,36,48,false,A,B
17/01/2019,11:52:00,0,0,0,48,false,B,C
17/01/2019,11:53:00,0,0,0,25,false,C,D
17/01/2019,11:54:00,0,0,13,25,false,D,A
17/01/2019,11:55:00,9,0,27,25,false,A,B
17/01/2019,11:56:00,19,0,0,50,false,B,C
17/01/2019,11:57:00,25,0,11,15,false,C,D
17/01/2019,11:58:00,1,0,11,15,false,D,A
17/01/2019,11:59:00,1,21,11,15,false,A,B
17/01/2019,12:00:00,1,36,26,39,false,B,C
17/01/2019,12:01:00,12,36,45,0,false,C,D
17/01/2019,12:02:00,8,52,45,0,false,D,A
17/01/2019,12:03:00,18,16,45,14,false,A,B
17/01/2019,12:04:00,18,34,18,14,false,B,C
17/01/2019,12:05:00,18,34,18,28,false,C,D
17/01/2019,12:06:00,0,34,18,41,false,D,A
17/01/2019,12:07:00,11,0,43,41,false,A,B
17/01/2019,12:08:00,11,0,0,41,false,B,C
17/01/2019,12:09:00,11,0,0,0,false,C,D
17/01/2019,12:10:00,0,17,0,0,false,D,A
17/01/2019,12:11:00,8,0,20,0,false,A,B
17/01/2019,12:12:00,8,0,25,25,false,B,C
17/01/2019,12:13:00,8,14,25,25,false,C,D
17/01/2019,12:14:00,0,14,46,25,false,D,A
17/01/2019,12:15:00,0,17,46,25,false,A,B
17/01/2019,12:16:00,0,17,2,25,false,B,C
17/01/2019,12:17:00,0,17,2,20,false,C,D
17/01/2019,12:18:00,0,17,21,20,false,D,A
17/01/2019,12:19:00,0,8,21,20,false,A,B
17/01/2019,12:20:00,0,8,12,20,false,B,C
17/01/2019,12:21:00,5,19,12,0,false,C,D
17/01/2019,12:22:00,8,19,31,0,false,D,A
17/01/2019,12:23:00,8,0,31,14,false,A,B
17/01/2019,12:24:00,8,0,0,14,false,B,C
17/01/2019,12:25:00,8,0,0,14,false,C,D
17/01/2019,12:26:00,10,8,0,14,false,D,A
17/01/2019,12:27:00,10,0,0,14,false,A,B
17/01/2019,12:28:00,10,0,0,40,false,B,C
17/01/2019,12:29:00,10,0,0,0,false,C,D
17/01/2019,12:30:00,13,0,0,11,false,D,A
17/01/2019,12:31:00,13,16,13,11,false,A,B
17/01/2019,12:32:00,13,16,0,11,false,B,C
17/01/2019,12:33:00,24,16,0,0,false,C,D
17/01/2019,12:34:00,0,16,14,27,false,D,A
17/01/2019,12:35:00,0,0,36,27,false,A,B
17/01/2019,12:36:00,0,0,0,27,false,B,C
17/01/2019,12:37:00,0,15,0,0,false,C,D
17/01/2019,12:38:00,6,15,23,0,false,D,A
17/01/2019,12:39:00,6,0,37,29,false,A,B
17/01/2019,12:40:00,6,0,19,29,false,B,C
17/01/2019,12:41:00,6,0,19,0,false,C,D
17/01/2019,12:42:00,0,0,19,0,false,D,A
17/01/2019,12:43:00,0,0,19,0,false,A,B
17/01/2019,12:44:00,0,20,0,0,false,B,C
17/01/2019,12:45:00,0,20,0,0,false,C,D
17/01/2019,12:46:00,0,20,0,30,false,D,A
17/01/2019,12:47:00,5,0,0,30,false,A,B
17/01/2019,12:48:00,5,0,0,54,false,B,C
17/01/2019,12:49:00,14,0,24,3,false,C,D
17/01/2019,12:50:00,0,20,24,3,false,D,A
17/01/2019,12:51:00,11,13,24,3,false,A,B
17/01/2019,12:52:00,11,13,12,3,false,B,C
17/01/2019,12:53:00,11,13,12,0,false,C,D
17/01/2019,12:54:00,5,13,12,0,false,D,A
17/01/2019,12:55:00,5,0,12,0,false,A,B
17/01/2019,12:56:00,5,0,21,16,false,B,C
17/01/2019,12:57:00,5,13,21,13,false,C,D
17/01/2019,12:58:00,9,22,21,13,false,D,A
17/01/2019,12:59:00,9,0,21,13,false,A,B
17/01/2019,13:00:00,18,0,0,37,false,B,C
17/01/2019,13:01:00,18,0,0,0,false,C,D
17/01/2019,13:02:00,0,19,0,0,false,D,A
17/01/2019,13:03:00,0,14,0,26,false,A,B
17/01/2019,13:04:00,0,23,0,26,false,B,C
17/01/2019,13:05:00,0,23,9,0,false,C,D
17/01/2019,13:06:00,0,38,9,10,false,D,A
17/01/2019,13:07:00,0,2,33,10,false,A,B
17/01/2019,13:08:00,0,2,16,10,false,B,C
17/01/2019,13:09:00,9,2,16,0,false,C,D
17/01/2019,13:10:00,0,2,16,0,false,D,A
17/01/2019,13:11:00,0,13,25,0,false,A,B
17/01/2019,13:12:00,7,13,15,14,false,B,C
17/01/2019,13:13:00,18,13,33,17,false,C,D
17/01/2019,13:14:00,0,13,33,17,false,D,A
17/01/2019,13:15:00,0,15,33,38,false,A,B
17/01/2019,13:16:00,12,15,0,49,false,B,C
17/01/2019,13:17:00,12,27,0,0,false,C,D
17/01/2019,13:18:00,0,27,0,0,false,D,A
17/01/2019,13:19:00,6,0,0,28,false,A,B
17/01/2019,13:20:00,6,0,13,28,false,B,C
17/01/2019,13:21:00,6,0,13,0,false,C,D
17/01/2019,13:22:00,0,0,26,0,false,D,A
17/01/2019,13:23:00,0,0,50,0,false,A,B
17/01/2019,13:24:00,0,0,6,0,false,B,C
17/01/2019,13:25:00,13,20,6,0,false,C,D
17/01/2019,13:26:00,0,28,6,0,false,D,A
17/01/2019,13:27:00,0,7,6,13,false,A,B
17/01/2019,13:28:00,0,24,0,13,false,B,C
17/01/2019,13:29:00,0,24,0,0,false,C,D
17/01/2019,13:30:00,12,24,16,0,false,D,A
17/01/2019,13:31:00,17,0,16,0,false,A,B
17/01/2019,13:32:00,26,0,0,19,false,B,C
17/01/2019,13:33:00,37,0,0,0,false,C,D
17/01/2019,13:34:00,13,16,0,29,false,D,A
17/01/2019,13:35:00,20,0,0,53,false,A,B
17/01/2019,13:36:00,28,0,0,53,false,B,C
17/01/2019,13:37:00,28,0,0,2,false,C,D
17/01/2019,13:38:00,4,0,11,2,false,D,A
17/01/2019,13:39:00,4,0,11,2,false,A,B
17/01/2019,13:40:00,4,0,0,2,false,B,C
17/01/2019,13:41:00,4,21,13,0,false,C,D
17/01/2019,13:42:00,0,35,13,25,false,D,A
17/01/2019,13:43:00,9,0,13,25,false,A,B
17/01/2019,13:44:00,9,0,0,25,false,B,C
17/01/2019,13:45:00,9,0,0,0,false,C,D
17/01/2019,13:46:00,0,0,0,0,false,D,A
17/01/2019,13:47:00,0,18,0,25,false,A,B
17/01/2019,13:48:00,0,18,0,25,false,B,C
17/01/2019,13:49:00,6,18,0,0,false,C,D
17/01/2019,13:50:00,8,18,0,0,false,D,A
17/01/2019,13:51:00,8,11,0,0,false,A,B
17/01/2019,13:52:00,8,30,0,0,false,B,C
17/01/2019,13:53:00,8,30,0,0,false,C,D
17/01/2019,13:54:00,0,30,20,28,false,D,A
17/01/2019,13:55:00,7,0,45,28,false,A,B
17/01/2019,13:56:00,14,0,1,28,false,B,C
17/01/2019,13:57:00,26,0,1,26,false,C,D
17/01/2019,13:58:00,2,8,1,26,false,D,A
17/01/2019,13:59:00,10,13,17,26,false,A,B
17/01/2019,14:00:00,10,28,0,26,false,B,C
17/01/2019,14:01:00,10,28,0,0,false,C,D
17/01/2019,14:02:00,8,28,0,0,false,D,A
17/01/2019,14:03:00,8,0,23,0,false,A,B
17/01/2019,14:04:00,8,0,0,25,false,B,C
17/01/2019,14:05:00,8,0,10,0,false,C,D
17/01/2019,14:06:00,0,0,10,12,false,D,A
17/01/2019,14:07:00,7,0,10,12,false,A,B
17/01/2019,14:08:00,20,0,0,12,false,B,C
17/01/2019,14:09:00,20,0,0,0,false,C,D
17/01/2019,14:10:00,5,17,20,0,false,D,A
17/01/2019,14:11:00,5,0,20,0,false,A,B
17/01/2019,14:12:00,5,15,0,0,false,B,C
17/01/2019,14:13:00,12,22,0,12,false,C,D
17/01/2019,14:14:00,8,37,0,12,false,D,A
17/01/2019,14:15:00,8,1,0,12,false,A,B
17/01/2019,14:16:00,20,1,16,12,false,B,C
17/01/2019,14:17:00,20,1,16,14,false,C,D
17/01/2019,14:18:00,0,1,16,14,false,D,A
17/01/2019,14:19:00,0,18,28,14,false,A,B
17/01/2019,14:20:00,6,18,0,14,false,B,C
17/01/2019,14:21:00,6,18,0,27,false,C,D
17/01/2019,14:22:00,0,18,25,27,false,D,A
17/01/2019,14:23:00,0,0,49,27,false,A,B
17/01/2019,14:24:00,0,0,14,27,false,B,C
17/01/2019,14:25:00,5,14,14,0,false,C,D
17/01/2019,14:26:00,10,14,14,0,false,D,A
17/01/2019,14:27:00,10,0,14,20,false,A,B
17/01/2019,14:28:00,10,0,14,20,false,B,C
17/01/2019,14:29:00,10,9,37,0,false,C,D
17/01/2019,14:30:00,0,9,48,0,false,D,A
17/01/2019,14:31:00,13,0,48,0,false,A,B
17/01/2019,14:32:00,13,0,4,12,false,B,C
17/01/2019,14:33:00,13,13,4,0,false,C,D
17/01/2019,14:34:00,7,13,4,0,false,D,A
17/01/2019,14:35:00,7,0,4,0,false,A,B
17/01/2019,14:36:00,7,0,0,0,false,B,C
17/01/2019,14:37:00,18,0,0,23,false,C,D
17/01/2019,14:38:00,0,0,12,23,false,D,A
17/01/2019,14:39:00,0,0,27,23,false,A,B
17/01/2019,14:40:00,0,0,0,50,false,B,C
17/01/2019,14:41:00,0,0,22,22,false,C,D
17/01/2019,14:42:00,0,20,22,22,false,D,A
17/01/2019,14:43:00,0,0,22,22,false,A,B
17/01/2019,14:44:00,0,0,0,51,false,B,C
17/01/2019,14:45:00,0,0,0,0,false,C,D
17/01/2019,14:46:00,0,11,0,0,false,D,A
17/01/2019,14:47:00,6,16,18,0,false,A,B
17/01/2019,14:48:00,12,16,0,0,false,B,C
17/01/2019,14:49:00,12,29,24,18,false,C,D
17/01/2019,14:50:00,0,29,24,36,false,D,A
17/01/2019,14:51:00,0,14,49,49,false,A,B
17/01/2019,14:52:00,10,14,5,49,false,B,C
17/01/2019,14:53:00,10,14,25,0,false,C,D
17/01/2019,14:54:00,0,14,50,23,false,D,A
17/01/2019,14:55:00,0,0,50,23,false,A,B
17/01/2019,14:56:00,0,0,6,49,false,B,C
17/01/2019,14:57:00,0,0,6,0,false,C,D
17/01/2019,14:58:00,0,0,21,17,false,D,A
17/01/2019,14:59:00,6,0,35,17,false,A,B
17/01/2019,15:00:00,12,12,22,40,false,B,C
17/01/2019,15:01:00,20,12,22,0,false,C,D
17/01/2019,15:02:00,0,31,22,28,false,D,A
17/01/2019,15:03:00,0,0,22,52,false,A,B
17/01/2019,15:04:00,0,0,0,52,false,B,C
17/01/2019,15:05:00,0,15,21,31,false,C,D
17/01/2019,15:06:00,9,24,21,31,false,D,A
17/01/2019,15:07:00,9,0,21,31,false,A,B
17/01/2019,15:08:00,9,0,0,31,false,B,C
17/01/2019,15:09:00,20,14,22,0,false,C,D
17/01/2019,15:10:00,0,14,22,11,false,D,A
17/01/2019,15:11:00,6,10,42,11,false,A,B
17/01/2019,15:12:00,6,26,21,36,false,B,C
17/01/2019,15:13:00,11,40,21,24,false,C,D
17/01/2019,15:14:00,0,40,21,24,false,D,A
17/01/2019,15:15:00,13,17,21,24,false,A,B
17/01/2019,15:16:00,13,17,0,24,false,B,C
17/01/2019,15:17:00,13,17,21,0,false,C,D
17/01/2019,15:18:00,0,17,21,0,false,D,A
17/01/2019,15:19:00,9,17,21,29,false,A,B
17/01/2019,15:20:00,19,17,0,29,false,B,C
17/01/2019,15:21:00,19,34,15,0,false,C,D
17/01/2019,15:22:00,0,34,15,0,false,D,A
17/01/2019,15:23:00,0,13,15,0,false,A,B
17/01/2019,15:24:00,0,13,24,25,false,B,C
17/01/2019,15:25:00,14,13,24,16,false,C,D
17/01/2019,15:26:00,0,13,24,28,false,D,A
17/01/2019,15:27:00,0,0,45,51,false,A,B
17/01/2019,15:28:00,8,0,13,51,false,B,C
17/01/2019,15:29:00,8,8,13,0,false,C,D
17/01/2019,15:30:00,0,8,13,22,false,D,A
17/01/2019,15:31:00,0,0,13,22,false,A,B
17/01/2019,15:32:00,9,0,24,50,false,B,C
17/01/2019,15:33:00,9,0,38,0,false,C,D
17/01/2019,15:34:00,8,15,55,0,false,D,A
17/01/2019,15:35:00,14,21,55,20,false,A,B
17/01/2019,15:36:00,14,35,11,20,false,B,C
17/01/2019,15:37:00,18,48,11,0,false,C,D
17/01/2019,15:38:00,11,65,11,0,false,D,A
17/01/2019,15:39:00,11,29,11,0,false,A,B
17/01/2019,15:40:00,23,48,0,0,false,B,C
17/01/2019,15:41:00,23,48,0,0,false,C,D
17/01/2019,15:42:00,13,48,0,0,false,D,A
17/01/2019,15:43:00,13,12,0,23,false,A,B
17/01/2019,15:44:00,24,12,0,23,false,B,C
17/01/2019,15:45:00,24,12,20,11,false,C,D
17/01/2019,15:46:00,5,12,29,11,false,D,A
17/01/2019,15:47:00,13,0,40,11,false,A,B
17/01/2019,15:48:00,13,10,0,32,false,B,C
17/01/2019,15:49:00,13,10,22,0,false,C,D
17/01/2019,15:50:00,0,10,22,12,false,D,A
17/01/2019,15:51:00,0,0,22,42,false,A,B
17/01/2019,15:52:00,9,0,0,42,false,B,C
17/01/2019,15:53:00,9,13,0,0,false,C,D
17/01/2019,15:54:00,0,13,21,0,false,D,A
17/01/2019,15:55:00,11,0,21,0,false,A,B
17/01/2019,15:56:00,11,0,0,0,false,B,C
17/01/2019,15:57:00,11,0,13,0,false,C,D
17/01/2019,15:58:00,0,10,13,0,false,D,A
17/01/2019,15:59:00,0,0,13,0,false,A,B
17/01/2019,16:00:00,0,0,0,0,true,B,C
17/01/2019,16:01:00,0,0,0,0,true,C,B
17/01/2019,16:02:00,17,0,0,0,true,B,C
17/01/2019,16:03:00,0,0,0,39,true,C,A
17/01/2019,16:04:00,0,0,0,0,true,A,D
17/01/2019,16:05:00,0,0,37,0,true,D,A
17/01/2019,16:06:00,19,0,28,0,true,A,C
17/01/2019,16:07:00,0,0,28,0,true,C,A
17/01/2019,16:08:00,0,0,0,0,true,A,C
17/01/2019,16:09:00,0,23,43,0,true,C,A
17/01/2019,16:10:00,0,23,0,39,true,A,C
17/01/2019,16:11:00,19,23,0,0,true,C,D
17/01/2019,16:12:00,43,0,0,0,true,D,B
17/01/2019,16:13:00,19,0,0,38,true,B,A
17/01/2019,16:14:00,19,34,0,0,true,A,D
17/01/2019,16:15:00,19,0,0,0,true,D,B
17/01/2019,16:16:00,0,0,0,0,true,B,A
17/01/2019,16:17:00,0,32,0,0,true,A,B
17/01/2019,16:18:00,0,32,0,0,true,B,A
17/01/2019,16:19:00,0,0,0,0,true,A,B
17/01/2019,16:20:00,0,0,39,49,true,B,A
17/01/2019,16:21:00,18,0,39,32,true,A,D
17/01/2019,16:22:00,18,0,0,66,true,D,C
17/01/2019,16:23:00,18,0,0,47,true,C,D
17/01/2019,16:24:00,19,0,42,47,true,D,A
17/01/2019,16:25:00,34,0,42,47,true,A,D
17/01/2019,16:26:00,34,33,29,47,true,D,C
17/01/2019,16:27:00,52,33,29,0,true,C,D
17/01/2019,16:28:00,28,63,29,50,true,D,A
17/01/2019,16:29:00,28,27,64,50,true,A,B
17/01/2019,16:30:00,28,27,20,50,true,B,C
17/01/2019,16:31:00,28,27,20,0,true,C,D
17/01/2019,16:32:00,4,27,20,0,true,D,A
17/01/2019,16:33:00,4,0,20,0,true,A,B
17/01/2019,16:34:00,4,0,29,0,true,B,C
17/01/2019,16:35:00,18,0,69,0,true,C,A
17/01/2019,16:36:00,18,0,25,51,true,A,C
17/01/2019,16:37:00,18,23,25,0,true,C,D
17/01/2019,16:38:00,18,23,0,50,true,D,C
17/01/2019,16:39:00,34,23,0,0,true,C,D
17/01/2019,16:40:00,10,53,0,0,true,D,A
17/01/2019,16:41:00,32,17,0,31,true,A,B
17/01/2019,16:42:00,24,17,0,65,true,B,A
17/01/2019,16:43:00,46,40,41,13,true,A,D
17/01/2019,16:44:00,44,65,41,47,true,D,A
17/01/2019,16:45:00,44,29,78,47,true,A,B
17/01/2019,16:46:00,44,52,34,47,true,B,C
17/01/2019,16:47:00,64,16,34,47,true,C,B
17/01/2019,16:48:00,59,16,64,47,true,B,A
17/01/2019,16:49:00,59,16,62,78,true,A,C
17/01/2019,16:50:00,59,47,95,26,true,C,D
17/01/2019,16:51:00,59,47,92,26,true,D,C
17/01/2019,16:52:00,53,83,92,65,true,C,A
17/01/2019,16:53:00,76,83,48,99,true,A,C
17/01/2019,16:54:00,76,115,48,47,true,C,D
17/01/2019,16:55:00,76,79,48,47,true,D,B
17/01/2019,16:56:00,52,79,48,97,true,B,A
17/01/2019,16:57:00,52,79,80,45,true,A,D
17/01/2019,16:58:00,70,112,36,87,true,D,C
17/01/2019,16:59:00,70,76,36,87,true,C,B
17/01/2019,17:00:00,70,105,36,73,true,B,D
17/01/2019,17:01:00,93,69,36,73,true,D,B
17/01/2019,17:02:00,69,105,63,123,true,B,A
17/01/2019,17:03:00,69,134,105,104,true,A,D
17/01/2019,17:04:00,69,98,105,104,true,D,B
17/01/2019,17:05:00,69,98,90,139,true,B,C
17/01/2019,17:06:00,90,98,90,87,true,C,D
17/01/2019,17:07:00,90,62,120,87,true,D,B
17/01/2019,17:08:00,105,86,75,139,true,B,C
17/01/2019,17:09:00,105,115,75,87,true,C,D
17/01/2019,17:10:00,105,101,106,130,true,D,B
17/01/2019,17:11:00,105,101,106,121,true,B,D
17/01/2019,17:12:00,122,101,61,169,true,D,C
17/01/2019,17:13:00,122,101,103,165,true,C,D
17/01/2019,17:14:00,121,101,103,204,true,D,A
17/01/2019,17:15:00,121,101,103,152,true,A,D
17/01/2019,17:16:00,113,101,137,152,true,D,A
17/01/2019,17:17:00,113,101,137,100,true,A,D
17/01/2019,17:18:00,113,128,92,100,true,D,C
17/01/2019,17:19:00,113,120,92,100,true,C,B
17/01/2019,17:20:00,89,120,92,100,true,B,A
17/01/2019,17:21:00,89,114,92,146,true,A,B
17/01/2019,17:22:00,89,114,133,94,true,B,D
17/01/2019,17:23:00,89,143,88,94,true,D,C
17/01/2019,17:24:00,104,137,88,143,true,C,B
17/01/2019,17:25:00,104,137,88,91,true,B,D
17/01/2019,17:26:00,126,130,88,91,true,D,B
17/01/2019,17:27:00,102,130,88,91,true,B,A
17/01/2019,17:28:00,102,94,120,91,true,A,B
17/01/2019,17:29:00,125,123,104,141,true,B,C
17/01/2019,17:30:00,125,156,104,139,true,C,D
17/01/2019,17:31:00,146,120,104,183,true,D,B
17/01/2019,17:32:00,146,120,104,131,true,B,D
17/01/2019,17:33:00,122,145,104,131,true,D,A
17/01/2019,17:34:00,122,109,104,131,true,A,B
17/01/2019,17:35:00,142,139,104,79,true,B,D
17/01/2019,17:36:00,140,139,104,129,true,D,A
17/01/2019,17:37:00,140,103,104,129,true,A,B
17/01/2019,17:38:00,131,103,104,175,true,B,A
17/01/2019,17:39:00,131,103,131,122,true,A,D
17/01/2019,17:40:00,130,103,131,122,true,D,A
17/01/2019,17:41:00,145,103,86,159,true,A,C
17/01/2019,17:42:00,145,135,116,143,true,C,D
17/01/2019,17:43:00,121,135,116,178,true,D,A
17/01/2019,17:44:00,139,171,116,159,true,A,D
17/01/2019,17:45:00,139,164,156,198,true,D,B
17/01/2019,17:46:00,139,189,156,145,true,B,D
17/01/2019,17:47:00,139,179,156,145,true,D,B
17/01/2019,17:48:00,155,179,111,145,true,B,C
17/01/2019,17:49:00,155,143,149,145,true,C,B
17/01/2019,17:50:00,131,143,149,145,true,B,A
17/01/2019,17:51:00,151,143,142,145,true,A,C
17/01/2019,17:52:00,151,143,142,145,true,C,A
17/01/2019,17:53:00,170,171,142,92,true,A,D
17/01/2019,17:54:00,186,135,142,92,true,D,B
17/01/2019,17:55:00,162,135,142,130,true,B,A
17/01/2019,17:56:00,185,135,97,130,true,A,C
17/01/2019,17:57:00,161,135,97,182,true,C,A
17/01/2019,17:58:00,177,135,142,177,true,A,D
17/01/2019,17:59:00,153,135,142,177,true,D,A
17/01/2019,18:00:00,169,135,142,173,true,A,D
17/01/2019,18:01:00,145,135,142,173,true,D,A
17/01/2019,18:02:00,145,135,142,159,true,A,D
17/01/2019,18:03:00,142,158,181,196,true,D,A
17/01/2019,18:04:00,158,158,181,178,true,A,D
17/01/2019,18:05:00,158,158,174,216,true,D,C
17/01/2019,18:06:00,158,158,208,163,true,C,D
17/01/2019,18:07:00,158,187,163,163,true,D,C
17/01/2019,18:08:00,158,151,163,163,true,C,B
17/01/2019,18:09:00,158,186,118,207,true,B,C
17/01/2019,18:10:00,181,186,147,194,true,C,D
17/01/2019,18:11:00,181,150,147,194,true,D,B
17/01/2019,18:12:00,202,186,147,141,true,B,D
17/01/2019,18:13:00,178,212,147,141,true,D,A
17/01/2019,18:14:00,200,176,147,185,true,A,B
17/01/2019,18:15:00,193,212,147,185,true,B,A
17/01/2019,18:16:00,193,198,188,185,true,A,B
17/01/2019,18:17:00,169,198,188,218,true,B,A
17/01/2019,18:18:00,191,221,188,165,true,A,D
17/01/2019,18:19:00,208,185,221,206,true,D,B
17/01/2019,18:20:00,224,185,176,206,true,B,C
17/01/2019,18:21:00,200,221,203,240,true,C,A
17/01/2019,18:22:00,222,221,237,187,true,A,D
17/01/2019,18:23:00,222,221,192,223,true,D,C
17/01/2019,18:24:00,244,221,192,170,true,C,D
17/01/2019,18:25:00,220,221,192,221,true,D,A
17/01/2019,18:26:00,240,217,192,221,true,A,B
17/01/2019,18:27:00,237,217,220,221,true,B,A
17/01/2019,18:28:00,237,241,220,201,true,A,D
17/01/2019,18:29:00,252,204,220,245,true,D,B
17/01/2019,18:30:00,227,233,220,245,true,B,A
17/01/2019,18:31:00,246,233,256,228,true,A,D
17/01/2019,18:32:00,246,261,211,280,true,D,C
17/01/2019,18:33:00,246,291,250,227,true,C,D
17/01/2019,18:34:00,246,254,294,264,true,D,B
17/01/2019,18:35:00,246,287,249,264,true,B,C
17/01/2019,18:36:00,246,250,249,264,true,C,B
17/01/2019,18:37:00,246,250,249,211,true,B,D
17/01/2019,18:38:00,268,213,249,211,true,D,B
17/01/2019,18:39:00,243,213,249,211,true,B,A
17/01/2019,18:40:00,243,213,235,211,true,A,C
17/01/2019,18:41:00,242,213,235,211,true,C,A
17/01/2019,18:42:00,242,213,226,211,true,A,C
17/01/2019,18:43:00,217,213,226,211,true,C,A
17/01/2019,18:44:00,217,213,214,250,true,A,C
17/01/2019,18:45:00,217,242,214,197,true,C,D
17/01/2019,18:46:00,239,230,214,197,true,D,B
17/01/2019,18:47:00,214,252,214,197,true,B,A
17/01/2019,18:48:00,231,215,214,242,true,A,B
17/01/2019,18:49:00,231,215,214,189,true,B,D
17/01/2019,18:50:00,206,238,214,189,true,D,A
17/01/2019,18:51:00,227,225,214,189,true,A,B
17/01/2019,18:52:00,223,254,258,189,true,B,A
17/01/2019,18:53:00,223,254,213,189,true,A,C
17/01/2019,18:54:00,223,217,213,226,true,C,B
17/01/2019,18:55:00,223,217,213,222,true,B,D
17/01/2019,18:56:00,220,251,213,222,true,D,A
17/01/2019,18:57:00,220,214,213,222,true,A,B
17/01/2019,18:58:00,220,240,213,169,true,B,D
17/01/2019,18:59:00,235,203,213,169,true,D,B
17/01/2019,19:00:00,244,203,168,169,false,B,C
17/01/2019,19:01:00,256,203,168,135,false,C,D
17/01/2019,19:02:00,231,224,168,135,false,D,A
17/01/2019,19:03:00,238,202,168,135,false,A,B
17/01/2019,19:04:00,238,223,123,135,false,B,C
17/01/2019,19:05:00,238,223,123,81,false,C,D
17/01/2019,19:06:00,213,223,140,105,false,D,A
17/01/2019,19:07:00,219,206,140,105,false,A,B
17/01/2019,19:08:00,219,206,95,105,false,B,C
17/01/2019,19:09:00,226,206,116,51,false,C,D
17/01/2019,19:10:00,201,227,116,51,false,D,A
17/01/2019,19:11:00,201,190,126,51,false,A,B
17/01/2019,19:12:00,201,190,81,51,false,B,C
17/01/2019,19:13:00,201,211,81,0,false,C,D
17/01/2019,19:14:00,186,211,81,24,false,D,A
17/01/2019,19:15:00,186,174,81,24,false,A,B
17/01/2019,19:16:00,186,174,36,41,false,B,C
17/01/2019,19:17:00,197,174,36,0,false,C,D
17/01/2019,19:18:00,172,186,55,0,false,D,A
17/01/2019,19:19:00,172,149,55,22,false,A,B
17/01/2019,19:20:00,172,149,10,22,false,B,C
17/01/2019,19:21:00,183,159,27,0,false,C,D
17/01/2019,19:22:00,172,159,27,0,false,D,A
17/01/2019,19:23:00,172,122,27,0,false,A,B
17/01/2019,19:24:00,172,122,18,23,false,B,C
17/01/2019,19:25:00,183,130,18,0,false,C,D
17/01/2019,19:26:00,158,130,18,0,false,D,A
17/01/2019,19:27:00,158,93,18,24,false,A,B
17/01/2019,19:28:00,158,105,19,24,false,B,C
17/01/2019,19:29:00,172,114,19,0,false,C,D
17/01/2019,19:30:00,158,114,33,31,false,D,A
17/01/2019,19:31:00,168,77,33,31,false,A,B
17/01/2019,19:32:00,168,77,0,31,false,B,C
17/01/2019,19:33:00,173,95,18,0,false,C,D
17/01/2019,19:34:00,148,114,36,0,false,D,A
17/01/2019,19:35:00,148,94,51,0,false,A,B
17/01/2019,19:36:00,148,94,16,0,false,B,C
17/01/2019,19:37:00,158,94,16,17,false,C,D
17/01/2019,19:38:00,133,94,16,38,false,D,A
17/01/2019,19:39:00,133,57,38,38,false,A,B
17/01/2019,19:40:00,133,77,0,38,false,B,C
17/01/2019,19:41:00,133,93,0,22,false,C,D
17/01/2019,19:42:00,108,93,16,50,false,D,A
17/01/2019,19:43:00,108,56,16,66,false,A,B
17/01/2019,19:44:00,108,56,0,66,false,B,C
17/01/2019,19:45:00,108,56,14,12,false,C,D
17/01/2019,19:46:00,83,75,14,12,false,D,A
17/01/2019,19:47:00,97,38,14,12,false,A,B
17/01/2019,19:48:00,97,38,0,12,false,B,C
17/01/2019,19:49:00,97,38,13,0,false,C,D
17/01/2019,19:50:00,72,59,38,16,false,D,A
17/01/2019,19:51:00,81,22,59,16,false,A,B
17/01/2019,19:52:00,81,22,14,46,false,B,C
17/01/2019,19:53:00,81,22,14,0,false,C,D
17/01/2019,19:54:00,56,33,14,0,false,D,A
17/01/2019,19:55:00,56,0,31,30,false,A,B
17/01/2019,19:56:00,63,0,0,30,false,B,C
17/01/2019,19:57:00,63,13,22,0,false,C,D
17/01/2019,19:58:00,38,30,22,0,false,D,A
17/01/2019,19:59:00,38,16,22,0,false,A,B
17/01/2019,20:00:00,38,16,0,12,false,B,C
17/01/2019,20:01:00,38,16,19,24,false,C,D
17/01/2019,20:02:00,13,16,31,24,false,D,A
17/01/2019,20:03:00,13,20,31,50,false,A,B
17/01/2019,20:04:00,25,20,19,50,false,B,C
17/01/2019,20:05:00,31,20,19,27,false,C,D
17/01/2019,20:06:00,6,20,19,27,false,D,A
17/01/2019,20:07:00,6,0,19,27,false,A,B
17/01/2019,20:08:00,13,0,0,48,false,B,C
17/01/2019,20:09:00,13,0,0,0,false,C,D
17/01/2019,20:10:00,12,0,0,0,false,D,A
17/01/2019,20:11:00,12,0,0,0,false,A,B
17/01/2019,20:12:00,12,0,0,0,false,B,C
17/01/2019,20:13:00,12,11,14,0,false,C,D
17/01/2019,20:14:00,0,11,14,0,false,D,A
17/01/2019,20:15:00,0,0,34,0,false,A,B
17/01/2019,20:16:00,0,9,0,0,false,B,C
17/01/2019,20:17:00,0,21,24,0,false,C,D
17/01/2019,20:18:00,5,21,24,0,false,D,A
17/01/2019,20:19:00,5,0,24,28,false,A,B
17/01/2019,20:20:00,5,0,0,28,false,B,C
17/01/2019,20:21:00,5,7,0,12,false,C,D
17/01/2019,20:22:00,14,21,0,12,false,D,A
17/01/2019,20:23:00,14,0,24,28,false,A,B
17/01/2019,20:24:00,28,0,0,48,false,B,C
17/01/2019,20:25:00,28,0,0,0,false,C,D
17/01/2019,20:26:00,13,18,0,0,false,D,A
17/01/2019,20:27:00,25,0,0,0,false,A,B
17/01/2019,20:28:00,25,0,0,0,false,B,C
17/01/2019,20:29:00,25,8,15,0,false,C,D
17/01/2019,20:30:00,8,8,15,0,false,D,A
17/01/2019,20:31:00,8,0,15,27,false,A,B
17/01/2019,20:32:00,14,0,0,27,false,B,C
17/01/2019,20:33:00,23,0,0,23,false,C,D
17/01/2019,20:34:00,0,0,0,23,false,D,A
17/01/2019,20:35:00,0,0,0,23,false,A,B
17/01/2019,20:36:00,0,13,24,23,false,B,C
17/01/2019,20:37:00,5,35,36,0,false,C,D
17/01/2019,20:38:00,0,35,53,0,false,D,A
17/01/2019,20:39:00,0,12,53,0,false,A,B
17/01/2019,20:40:00,0,12,34,0,false,B,C
17/01/2019,20:41:00,0,12,34,0,false,C,D
17/01/2019,20:42:00,11,12,51,0,false,D,A
17/01/2019,20:43:00,24,0,60,0,false,A,B
17/01/2019,20:44:00,24,0,35,29,false,B,C
17/01/2019,20:45:00,32,19,35,17,false,C,D
17/01/2019,20:46:00,7,29,35,17,false,D,A
17/01/2019,20:47:00,7,0,48,17,false,A,B
17/01/2019,20:48:00,18,12,3,17,false,B,C
17/01/2019,20:49:00,30,12,3,0,false,C,D
17/01/2019,20:50:00,5,12,3,0,false,D,A
17/01/2019,20:51:00,11,0,12,26,false,A,B
17/01/2019,20:52:00,11,0,0,26,false,B,C
17/01/2019,20:53:00,21,15,0,0,false,C,D
17/01/2019,20:54:00,0,23,0,0,false,D,A
17/01/2019,20:55:00,0,0,0,0,false,A,B
17/01/2019,20:56:00,0,0,13,22,false,B,C
17/01/2019,20:57:00,0,19,13,0,false,C,D
17/01/2019,20:58:00,5,19,13,0,false,D,A
17/01/2019,20:59:00,13,0,34,26,false,A,B
17/01/2019,21:00:00,13,11,18,26,false,B,C
17/01/2019,21:01:00,13,11,28,0,false,C,D
17/01/2019,21:02:00,11,11,40,12,false,D,A
17/01/2019,21:03:00,11,0,65,12,false,A,B
17/01/2019,21:04:00,11,0,20,12,false,B,C
17/01/2019,21:05:00,11,18,37,18,false,C,D
17/01/2019,21:06:00,0,18,48,18,false,D,A
17/01/2019,21:07:00,13,18,48,18,false,A,B
17/01/2019,21:08:00,13,18,3,18,false,B,C
17/01/2019,21:09:00,13,18,23,28,false,C,D
17/01/2019,21:10:00,0,33,40,56,false,D,A
17/01/2019,21:11:00,0,0,40,56,false,A,B
17/01/2019,21:12:00,0,0,0,88,false,B,C
17/01/2019,21:13:00,0,0,13,34,false,C,D
17/01/2019,21:14:00,0,0,13,34,false,D,A
17/01/2019,21:15:00,12,0,13,34,false,A,B
17/01/2019,21:16:00,12,0,11,34,false,B,C
17/01/2019,21:17:00,26,0,11,0,false,C,D
17/01/2019,21:18:00,8,0,11,0,false,D,A
17/01/2019,21:19:00,22,0,11,0,false,A,B
17/01/2019,21:20:00,22,18,0,0,false,B,C
17/01/2019,21:21:00,22,18,0,0,false,C,D
17/01/2019,21:22:00,11,18,23,0,false,D,A
17/01/2019,21:23:00,11,0,34,0,false,A,B
17/01/2019,21:24:00,24,0,0,0,false,B,C
17/01/2019,21:25:00,24,0,0,0,false,C,D
17/01/2019,21:26:00,8,14,20,18,false,D,A
17/01/2019,21:27:00,8,11,20,18,false,A,B
17/01/2019,21:28:00,8,11,10,18,false,B,C
17/01/2019,21:29:00,8,23,36,12,false,C,D
17/01/2019,21:30:00,0,23,46,12,false,D,A
17/01/2019,21:31:00,0,0,46,12,false,A,B
17/01/2019,21:32:00,10,0,1,12,false,B,C
17/01/2019,21:33:00,19,0,24,0,false,C,D
17/01/2019,21:34:00,0,0,41,12,false,D,A
17/01/2019,21:35:00,0,0,41,12,false,A,B
17/01/2019,21:36:00,0,19,0,26,false,B,C
17/01/2019,21:37:00,0,19,10,26,false,C,D
17/01/2019,21:38:00,5,29,10,26,false,D,A
17/01/2019,21:39:00,5,0,10,48,false,A,B
17/01/2019,21:40:00,5,0,0,48,false,B,C
17/01/2019,21:41:00,5,8,0,0,false,C,D
17/01/2019,21:42:00,0,8,18,0,false,D,A
17/01/2019,21:43:00,0,0,37,0,false,A,B
17/01/2019,21:44:00,0,16,0,0,false,B,C
17/01/2019,21:45:00,0,16,0,0,false,C,D
17/01/2019,21:46:00,11,16,26,0,false,D,A
17/01/2019,21:47:00,17,0,26,0,false,A,B
17/01/2019,21:48:00,17,14,22,17,false,B,C
17/01/2019,21:49:00,17,14,22,0,false,C,D
17/01/2019,21:50:00,14,14,22,18,false,D,A
17/01/2019,21:51:00,28,9,42,18,false,A,B
17/01/2019,21:52:00,28,30,26,46,false,B,C
17/01/2019,21:53:00,42,39,35,0,false,C,D
17/01/2019,21:54:00,17,39,35,19,false,D,A
17/01/2019,21:55:00,17,2,35,19,false,A,B
17/01/2019,21:56:00,17,21,0,19,false,B,C
17/01/2019,21:57:00,24,21,0,0,false,C,D
17/01/2019,21:58:00,0,38,9,0,false,D,A
17/01/2019,21:59:00,14,1,9,0,false,A,B
17/01/2019,22:00:00,14,1,0,11,false,B,C
17/01/2019,22:01:00,26,1,0,0,false,C,D
17/01/2019,22:02:00,1,1,0,0,false,D,A
17/01/2019,22:03:00,1,0,0,27,false,A,B
17/01/2019,22:04:00,1,0,0,45,false,B,C
17/01/2019,22:05:00,1,13,0,0,false,C,D
17/01/2019,22:06:00,0,28,22,0,false,D,A
17/01/2019,22:07:00,0,0,22,0,false,A,B
17/01/2019,22:08:00,6,0,0,0,false,B,C
17/01/2019,22:09:00,6,0,16,0,false,C,D
17/01/2019,22:10:00,5,0,38,13,false,D,A
17/01/2019,22:11:00,5,0,38,13,false,A,B
17/01/2019,22:12:00,5,0,22,13,false,B,C
17/01/2019,22:13:00,5,0,22,31,false,C,D
17/01/2019,22:14:00,0,0,22,31,false,D,A
17/01/2019,22:15:00,13,14,22,31,false,A,B
17/01/2019,22:16:00,13,14,0,31,false,B,C
17/01/2019,22:17:00,13,14,0,26,false,C,D
17/01/2019,22:18:00,0,26,0,26,false,D,A
17/01/2019,22:19:00,9,0,12,26,false,A,B
17/01/2019,22:20:00,9,0,0,26,false,B,C
17/01/2019,22:21:00,18,21,0,0,false,C,D
17/01/2019,22:22:00,0,21,23,0,false,D,A
17/01/2019,22:23:00,10,0,37,0,false,A,B
17/01/2019,22:24:00,10,13,0,22,false,B,C
17/01/2019,22:25:00,10,13,26,23,false,C,D
17/01/2019,22:26:00,0,13,26,23,false,D,A
17/01/2019,22:27:00,0,18,26,42,false,A,B
17/01/2019,22:28:00,0,39,24,42,false,B,C
17/01/2019,22:29:00,0,39,34,0,false,C,D
17/01/2019,22:30:00,13,39,34,0,false,D,A
17/01/2019,22:31:00,13,2,34,0,false,A,B
17/01/2019,22:32:00,26,2,0,32,false,B,C
17/01/2019,22:33:00,34,2,22,22,false,C,D
17/01/2019,22:34:00,9,2,22,22,false,D,A
17/01/2019,22:35:00,9,18,42,22,false,A,B
17/01/2019,22:36:00,9,18,0,22,false,B,C
17/01/2019,22:37:00,9,18,0,0,false,C,D
17/01/2019,22:38:00,0,18,0,30,false,D,A
17/01/2019,22:39:00,0,0,18,30,false,A,B
17/01/2019,22:40:00,10,13,0,30,false,B,C
17/01/2019,22:41:00,16,13,0,29,false,C,D
17/01/2019,22:42:00,0,32,14,29,false,D,A
17/01/2019,22:43:00,11,0,28,29,false,A,B
17/01/2019,22:44:00,11,0,10,29,false,B,C
17/01/2019,22:45:00,16,0,27,0,false,C,D
17/01/2019,22:46:00,8,14,44,0,false,D,A
17/01/2019,22:47:00,8,0,65,32,false,A,B
17/01/2019,22:48:00,8,9,35,32,false,B,C
17/01/2019,22:49:00,8,9,35,0,false,C,D
17/01/2019,22:50:00,0,9,44,0,false,D,A
17/01/2019,22:51:00,6,15,44,0,false,A,B
17/01/2019,22:52:00,6,15,0,0,false,B,C
17/01/2019,22:53:00,6,31,15,0,false,C,D
17/01/2019,22:54:00,0,31,31,0,false,D,A
17/01/2019,22:55:00,0,0,31,0,false,A,B
17/01/2019,22:56:00,0,14,11,0,false,B,C
17/01/2019,22:57:00,8,14,11,16,false,C,D
17/01/2019,22:58:00,0,14,11,39,false,D,A
17/01/2019,22:59:00,0,0,11,39,false,A,B
17/01/2019,23:00:00,10,20,0,53,false,B,C
17/01/2019,23:01:00,10,40,0,0,false,C,D
17/01/2019,23:02:00,0,40,0,0,false,D,A
17/01/2019,23:03:00,0,23,0,0,false,A,B
17/01/2019,23:04:00,0,44,26,0,false,B,C
17/01/2019,23:05:00,0,44,26,23,false,C,D
17/01/2019,23:06:00,0,59,26,23,false,D,A
17/01/2019,23:07:00,8,22,26,46,false,A,B
17/01/2019,23:08:00,17,22,17,46,false,B,C
17/01/2019,23:09:00,26,22,17,0,false,C,D
17/01/2019,23:10:00,1,22,17,15,false,D,A
17/01/2019,23:11:00,1,17,28,15,false,A,B
17/01/2019,23:12:00,6,17,0,26,false,B,C
17/01/2019,23:13:00,6,17,0,0,false,C,D
17/01/2019,23:14:00,0,31,0,0,false,D,A
17/01/2019,23:15:00,0,0,24,13,false,A,B
17/01/2019,23:16:00,0,0,0,13,false,B,C
17/01/2019,23:17:00,0,0,15,0,false,C,D
17/01/2019,23:18:00,0,0,15,0,false,D,A
17/01/2019,23:19:00,12,0,15,11,false,A,B
17/01/2019,23:20:00,19,0,23,41,false,B,C
17/01/2019,23:21:00,19,0,36,0,false,C,D
17/01/2019,23:22:00,0,11,36,0,false,D,A
17/01/2019,23:23:00,0,0,36,0,false,A,B
17/01/2019,23:24:00,0,16,19,0,false,B,C
17/01/2019,23:25:00,0,16,19,0,false,C,D
17/01/2019,23:26:00,0,28,19,26,false,D,A
17/01/2019,23:27:00,0,0,19,53,false,A,B
17/01/2019,23:28:00,0,0,0,76,false,B,C
17/01/2019,23:29:00,7,0,0,22,false,C,D
17/01/2019,23:30:00,0,0,14,22,false,D,A
17/01/2019,23:31:00,0,0,31,22,false,A,B
17/01/2019,23:32:00,12,7,15,45,false,B,C
17/01/2019,23:33:00,12,7,15,23,false,C,D
17/01/2019,23:34:00,11,17,15,23,false,D,A
17/01/2019,23:35:00,11,15,41,47,false,A,B
17/01/2019,23:36:00,11,25,16,47,false,B,C
17/01/2019,23:37:00,11,25,31,0,false,C,D
17/01/2019,23:38:00,10,33,31,16,false,D,A
17/01/2019,23:39:00,10,20,31,16,false,A,B
17/01/2019,23:40:00,10,20,0,16,false,B,C
17/01/2019,23:41:00,10,41,0,0,false,C,D
17/01/2019,23:42:00,0,41,0,13,false,D,A
17/01/2019,23:43:00,0,4,0,42,false,A,B
17/01/2019,23:44:00,0,4,0,42,false,B,C
17/01/2019,23:45:00,0,4,23,30,false,C,D
17/01/2019,23:46:00,14,4,49,30,false,D,A
17/01/2019,23:47:00,14,0,64,30,false,A,B
17/01/2019,23:48:00,27,0,31,30,false,B,C
17/01/2019,23:49:00,27,15,45,0,false,C,D
17/01/2019,23:50:00,15,33,45,0,false,D,A
17/01/2019,23:51:00,15,0,45,0,false,A,B
17/01/2019,23:52:00,26,19,0,0,false,B,C
17/01/2019,23:53:00,40,19,0,0,false,C,D
17/01/2019,23:54:00,15,19,0,0,false,D,A
17/01/2019,23:55:00,15,0,23,32,false,A,B
17/01/2019,23:56:00,15,0,0,32,false,B,C
17/01/2019,23:57:00,15,14,0,0,false,C,D
17/01/2019,23:58:00,0,14,0,0,false,D,A
17/01/2019,23:59:00,14,11,0,0,false,A,B
18/01/2019,00:00:00,14,28,0,0,false,B,C
18/01/2019,00:01:00,14,44,0,18,false,C,D
18/01/2019,00:02:00,0,44,0,18,false,D,A
18/01/2019,00:03:00,8,7,0,18,false,A,B
18/01/2019,00:04:00,17,7,0,18,false,B,C
18/01/2019,00:05:00,24,7,25,0,false,C,D
18/01/2019,00:06:00,0,7,25,0,false,D,A
18/01/2019,00:07:00,12,0,25,0,false,A,B
18/01/2019,00:08:00,12,9,0,0,false,B,C
18/01/2019,00:09:00,12,26,0,0,false,C,D
18/01/2019,00:10:00,0,26,0,0,false,D,A
18/01/2019,00:11:00,10,0,11,0,false,A,B
18/01/2019,00:12:00,10,11,0,0,false,B,C
18/01/2019,00:13:00,10,11,0,13,false,C,D
18/01/2019,00:14:00,11,11,19,34,false,D,A
18/01/2019,00:15:00,11,0,19,34,false,A,B
18/01/2019,00:16:00,11,0,0,34,false,B,C
18/01/2019,00:17:00,11,0,0,0,false,C,D
18/01/2019,00:18:00,8,15,0,0,false,D,A
18/01/2019,00:19:00,15,0,0,0,false,A,B
18/01/2019,00:20:00,15,0,14,0,false,B,C
18/01/2019,00:21:00,15,0,34,0,false,C,D
18/01/2019,00:22:00,0,14,55,0,false,D,A
18/01/2019,00:23:00,0,0,55,0,false,A,B
18/01/2019,00:24:00,0,0,23,23,false,B,C
18/01/2019,00:25:00,10,19,45,0,false,C,D
18/01/2019,00:26:00,13,41,45,28,false,D,A
18/01/2019,00:27:00,13,4,68,28,false,A,B
18/01/2019,00:28:00,13,4,23,54,false,B,C
18/01/2019,00:29:00,13,4,46,17,false,C,D
18/01/2019,00:30:00,12,4,46,31,false,D,A
18/01/2019,00:31:00,12,0,55,53,false,A,B
18/01/2019,00:32:00,12,0,22,53,false,B,C
18/01/2019,00:33:00,12,21,22,0,false,C,D
18/01/2019,00:34:00,0,33,34,0,false,D,A
18/01/2019,00:35:00,0,0,34,0,false,A,B
18/01/2019,00:36:00,0,0,18,17,false,B,C
18/01/2019,00:37:00,0,0,18,0,false,C,D
18/01/2019,00:38:00,0,0,34,19,false,D,A
18/01/2019,00:39:00,0,18,34,19,false,A,B
18/01/2019,00:40:00,0,18,0,40,false,B,C
18/01/2019,00:41:00,0,18,16,0,false,C,D
18/01/2019,00:42:00,0,18,16,0,false,D,A
18/01/2019,00:43:00,0,14,16,26,false,A,B
18/01/2019,00:44:00,0,14,18,26,false,B,C
18/01/2019,00:45:00,7,14,18,0,false,C,D
18/01/2019,00:46:00,0,14,18,0,false,D,A
18/01/2019,00:47:00,10,0,18,0,false,A,B
18/01/2019,00:48:00,10,19,0,0,false,B,C
18/01/2019,00:49:00,10,19,0,0,false,C,D
18/01/2019,00:50:00,0,19,0,23,false,D,A
18/01/2019,00:51:00,0,0,15,23,false,A,B
18/01/2019,00:52:00,0,0,0,36,false,B,C
18/01/2019,00:53:00,0,21,24,0,false,C,D
18/01/2019,00:54:00,0,21,24,29,false,D,A
18/01/2019,00:55:00,0,12,24,29,false,A,B
18/01/2019,00:56:00,0,12,0,29,false,B,C
18/01/2019,00:57:00,0,22,16,0,false,C,D
18/01/2019,00:58:00,0,22,16,0,false,D,A
18/01/2019,00:59:00,14,0,16,0,false,A,B
18/01/2019,01:00:00,14,10,0,0,false,B,C
18/01/2019,01:01:00,14,10,0,0,false,C,D
18/01/2019,01:02:00,0,23,0,31,false,D,A
18/01/2019,01:03:00,0,11,0,45,false,A,B
18/01/2019,01:04:00,0,23,19,56,false,B,C
18/01/2019,01:05:00,0,39,19,2,false,C,D
18/01/2019,01:06:00,0,39,45,2,false,D,A
18/01/2019,01:07:00,0,2,70,20,false,A,B
18/01/2019,01:08:00,0,2,46,42,false,B,C
18/01/2019,01:09:00,11,2,46,0,false,C,D
18/01/2019,01:10:00,0,2,46,32,false,D,A
18/01/2019,01:11:00,0,0,46,32,false,A,B
18/01/2019,01:12:00,0,0,1,46,false,B,C
18/01/2019,01:13:00,0,0,19,0,false,C,D
18/01/2019,01:14:00,0,0,30,23,false,D,A
18/01/2019,01:15:00,0,0,30,41,false,A,B
18/01/2019,01:16:00,0,0,0,41,false,B,C
18/01/2019,01:17:00,0,10,0,0,false,C,D
18/01/2019,01:18:00,0,10,0,0,false,D,A
18/01/2019,01:19:00,12,0,0,0,false,A,B
18/01/2019,01:20:00,12,0,17,0,false,B,C
18/01/2019,01:21:00,12,0,17,12,false,C,D
18/01/2019,01:22:00,0,0,34,12,false,D,A
18/01/2019,01:23:00,0,0,43,12,false,A,B
18/01/2019,01:24:00,7,0,0,12,false,B,C
18/01/2019,01:25:00,7,0,0,0,false,C,D
18/01/2019,01:26:00,6,0,0,0,false,D,A
18/01/2019,01:27:00,15,0,0,0,false,A,B
18/01/2019,01:28:00,24,8,0,19,false,B,C
18/01/2019,01:29:00,24,8,16,0,false,C,D
18/01/2019,01:30:00,0,8,16,0,false,D,A
18/01/2019,01:31:00,0,0,16,13,false,A,B
18/01/2019,01:32:00,6,0,14,13,false,B,C
18/01/2019,01:33:00,6,0,14,0,false,C,D
18/01/2019,01:34:00,0,20,14,0,false,D,A
18/01/2019,01:35:00,0,0,14,0,false,A,B
18/01/2019,01:36:00,10,0,0,25,false,B,C
18/01/2019,01:37:00,10,14,14,0,false,C,D
18/01/2019,01:38:00,0,14,14,18,false,D,A
18/01/2019,01:39:00,13,0,14,18,false,A,B
18/01/2019,01:40:00,13,0,15,18,false,B,C
18/01/2019,01:41:00,13,0,15,0,false,C,D
18/01/2019,01:42:00,0,7,15,12,false,D,A
18/01/2019,01:43:00,0,0,15,12,false,A,B
18/01/2019,01:44:00,0,0,0,12,false,B,C
18/01/2019,01:45:00,0,16,22,0,false,C,D
18/01/2019,01:46:00,13,28,22,0,false,D,A
18/01/2019,01:47:00,13,0,22,0,false,A,B
18/01/2019,01:48:00,13,0,0,25,false,B,C
18/01/2019,01:49:00,13,10,19,0,false,C,D
18/01/2019,01:50:00,0,10,19,0,false,D,A
18/01/2019,01:51:00,0,0,19,12,false,A,B
18/01/2019,01:52:00,0,0,16,23,false,B,C
18/01/2019,01:53:00,0,0,16,26,false,C,D
18/01/2019,01:54:00,0,0,16,26,false,D,A
18/01/2019,01:55:00,11,0,16,44,false,A,B
18/01/2019,01:56:00,19,0,0,44,false,B,C
18/01/2019,01:57:00,19,21,0,0,false,C,D
18/01/2019,01:58:00,0,21,17,0,false,D,A
18/01/2019,01:59:00,0,0,17,0,false,A,B
18/01/2019,02:00:00,0,0,0,0,false,B,C
18/01/2019,02:01:00,10,0,0,0,false,C,D
18/01/2019,02:02:00,13,0,0,0,false,D,A
18/01/2019,02:03:00,13,0,0,12,false,A,B
18/01/2019,02:04:00,13,0,12,12,false,B,C
18/01/2019,02:05:00,20,0,12,0,false,C,D
18/01/2019,02:06:00,0,0,12,0,false,D,A
18/01/2019,02:07:00,0,0,12,0,false,A,B
18/01/2019,02:08:00,0,0,9,13,false,B,C
18/01/2019,02:09:00,0,0,9,0,false,C,D
18/01/2019,02:10:00,6,0,18,29,false,D,A
18/01/2019,02:11:00,13,12,18,29,false,A,B
18/01/2019,02:12:00,13,12,9,56,false,B,C
18/01/2019,02:13:00,13,12,9,2,false,C,D
18/01/2019,02:14:00,7,31,9,17,false,D,A
18/01/2019,02:15:00,19,0,19,37,false,A,B
18/01/2019,02:16:00,19,11,0,37,false,B,C
18/01/2019,02:17:00,33,11,0,0,false,C,D
18/01/2019,02:18:00,8,29,26,0,false,D,A
18/01/2019,02:19:00,21,0,26,0,false,A,B
18/01/2019,02:20:00,21,10,0,20,false,B,C
18/01/2019,02:21:00,21,10,19,0,false,C,D
18/01/2019,02:22:00,0,10,19,0,false,D,A
18/01/2019,02:23:00,0,0,41,0,false,A,B
18/01/2019,02:24:00,11,0,0,0,false,B,C
18/01/2019,02:25:00,11,0,23,29,false,C,D
18/01/2019,02:26:00,0,0,23,60,false,D,A
18/01/2019,02:27:00,0,0,23,60,false,A,B
18/01/2019,02:28:00,0,14,0,84,false,B,C
18/01/2019,02:29:00,0,14,20,30,false,C,D
18/01/2019,02:30:00,0,14,20,61,false,D,A
18/01/2019,02:31:00,0,0,20,61,false,A,B
18/01/2019,02:32:00,0,0,0,61,false,B,C
18/01/2019,02:33:00,12,15,20,7,false,C,D
18/01/2019,02:34:00,0,15,20,7,false,D,A
18/01/2019,02:35:00,5,0,20,7,false,A,B
18/01/2019,02:36:00,15,0,0,7,false,B,C
18/01/2019,02:37:00,28,17,0,0,false,C,D
18/01/2019,02:38:00,3,33,22,20,false,D,A
18/01/2019,02:39:00,15,0,22,43,false,A,B
18/01/2019,02:40:00,15,0,0,43,false,B,C
18/01/2019,02:41:00,27,0,15,0,false,C,D
18/01/2019,02:42:00,2,0,15,0,false,D,A
18/01/2019,02:43:00,12,0,41,0,false,A,B
18/01/2019,02:44:00,12,14,0,0,false,B,C
18/01/2019,02:45:00,12,14,0,0,false,C,D
18/01/2019,02:46:00,0,35,20,0,false,D,A
18/01/2019,02:47:00,8,0,35,15,false,A,B
18/01/2019,02:48:00,8,0,0,15,false,B,C
18/01/2019,02:49:00,8,0,0,0,false,C,D
18/01/2019,02:50:00,0,0,0,30,false,D,A
18/01/2019,02:51:00,6,0,0,57,false,A,B
18/01/2019,02:52:00,6,0,0,57,false,B,C
18/01/2019,02:53:00,15,0,12,3,false,C,D
18/01/2019,02:54:00,0,0,34,3,false,D,A
18/01/2019,02:55:00,0,0,34,3,false,A,B
18/01/2019,02:56:00,0,0,0,3,false,B,C
18/01/2019,02:57:00,0,0,14,16,false,C,D
18/01/2019,02:58:00,0,0,37,35,false,D,A
18/01/2019,02:59:00,12,0,37,35,false,A,B
18/01/2019,03:00:00,12,17,22,35,false,B,C
18/01/2019,03:01:00,12,17,22,0,false,C,D
18/01/2019,03:02:00,0,17,22,0,false,D,A
18/01/2019,03:03:00,0,0,22,0,false,A,B
18/01/2019,03:04:00,6,0,0,0,false,B,C
18/01/2019,03:05:00,6,0,0,0,false,C,D
18/01/2019,03:06:00,0,18,0,21,false,D,A
18/01/2019,03:07:00,0,0,0,21,false,A,B
18/01/2019,03:08:00,0,0,0,41,false,B,C
18/01/2019,03:09:00,0,0,0,0,false,C,D
18/01/2019,03:10:00,0,0,0,21,false,D,A
18/01/2019,03:11:00,0,0,0,21,false,A,B
18/01/2019,03:12:00,0,0,0,39,false,B,C
18/01/2019,03:13:00,0,0,0,26,false,C,D
18/01/2019,03:14:00,13,0,0,26,false,D,A
18/01/2019,03:15:00,19,21,11,26,false,A,B
18/01/2019,03:16:00,30,21,0,26,false,B,C
18/01/2019,03:17:00,30,21,24,0,false,C,D
18/01/2019,03:18:00,5,21,24,12,false,D,A
18/01/2019,03:19:00,5,0,24,29,false,A,B
18/01/2019,03:20:00,5,16,19,47,false,B,C
18/01/2019,03:21:00,15,16,19,0,false,C,D
18/01/2019,03:22:00,0,16,41,0,false,D,A
18/01/2019,03:23:00,0,21,60,30,false,A,B
18/01/2019,03:24:00,0,21,15,30,false,B,C
18/01/2019,03:25:00,10,21,15,0,false,C,D
18/01/2019,03:26:00,0,40,24,0,false,D,A
18/01/2019,03:27:00,9,3,24,0,false,A,B
18/01/2019,03:28:00,18,3,0,28,false,B,C
18/01/2019,03:29:00,18,3,0,23,false,C,D
18/01/2019,03:30:00,0,20,14,23,false,D,A
18/01/2019,03:31:00,12,16,14,23,false,A,B
18/01/2019,03:32:00,24,16,14,50,false,B,C
18/01/2019,03:33:00,24,16,14,0,false,C,D
18/01/2019,03:34:00,0,16,14,0,false,D,A
18/01/2019,03:35:00,0,0,40,0,false,A,B
18/01/2019,03:36:00,0,0,25,25,false,B,C
18/01/2019,03:37:00,0,11,25,12,false,C,D
18/01/2019,03:38:00,0,11,25,28,false,D,A
18/01/2019,03:39:00,0,0,25,28,false,A,B
18/01/2019,03:40:00,0,0,0,28,false,B,C
18/01/2019,03:41:00,0,0,0,0,false,C,D
18/01/2019,03:42:00,0,0,19,0,false,D,A
18/01/2019,03:43:00,0,20,19,0,false,A,B
18/01/2019,03:44:00,0,20,0,0,false,B,C
18/01/2019,03:45:00,0,20,0,0,false,C,D
18/01/2019,03:46:00,0,20,0,0,false,D,A
18/01/2019,03:47:00,0,0,0,32,false,A,B
18/01/2019,03:48:00,0,21,10,32,false,B,C
18/01/2019,03:49:00,12,35,36,0,false,C,D
18/01/2019,03:50:00,14,35,36,0,false,D,A
18/01/2019,03:51:00,14,0,36,0,false,A,B
18/01/2019,03:52:00,14,0,10,0,false,B,C
18/01/2019,03:53:00,14,0,10,0,false,C,D
18/01/2019,03:54:00,0,0,29,11,false,D,A
18/01/2019,03:55:00,0,13,29,35,false,A,B
18/01/2019,03:56:00,0,13,0,66,false,B,C
18/01/2019,03:57:00,0,13,0,12,false,C,D
18/01/2019,03:58:00,0,13,0,40,false,D,A
18/01/2019,03:59:00,0,0,0,40,false,A,B
18/01/2019,04:00:00,0,0,0,62,false,B,C
18/01/2019,04:01:00,0,0,23,39,false,C,D
18/01/2019,04:02:00,0,0,23,54,false,D,A
18/01/2019,04:03:00,10,0,47,54,false,A,B
18/01/2019,04:04:00,10,0,2,70,false,B,C
18/01/2019,04:05:00,18,0,29,28,false,C,D
18/01/2019,04:06:00,0,0,46,28,false,D,A
18/01/2019,04:07:00,13,0,46,28,false,A,B
18/01/2019,04:08:00,13,0,25,28,false,B,C
18/01/2019,04:09:00,20,19,48,0,false,C,D
18/01/2019,04:10:00,0,30,67,0,false,D,A
18/01/2019,04:11:00,0,17,77,30,false,A,B
18/01/2019,04:12:00,0,17,32,30,false,B,C
18/01/2019,04:13:00,0,17,32,17,false,C,D
18/01/2019,04:14:00,0,17,51,17,false,D,A
18/01/2019,04:15:00,8,0,67,40,false,A,B
18/01/2019,04:16:00,8,0,22,40,false,B,C
18/01/2019,04:17:00,8,0,39,14,false,C,D
18/01/2019,04:18:00,8,0,39,35,false,D,A
18/01/2019,04:19:00,8,0,39,59,false,A,B
18/01/2019,04:20:00,8,8,22,59,false,B,C
18/01/2019,04:21:00,8,8,22,21,false,C,D
18/01/2019,04:22:00,0,8,47,21,false,D,A
18/01/2019,04:23:00,10,9,47,21,false,A,B
18/01/2019,04:24:00,10,9,2,34,false,B,C
18/01/2019,04:25:00,10,9,15,21,false,C,D
18/01/2019,04:26:00,13,28,31,21,false,D,A
18/01/2019,04:27:00,25,18,31,42,false,A,B
18/01/2019,04:28:00,25,34,0,42,false,B,C
18/01/2019,04:29:00,25,34,14,0,false,C,D
18/01/2019,04:30:00,0,34,26,30,false,D,A
18/01/2019,04:31:00,0,0,42,30,false,A,B
18/01/2019,04:32:00,10,10,0,30,false,B,C
18/01/2019,04:33:00,21,10,0,0,false,C,D
18/01/2019,04:34:00,6,10,25,20,false,D,A
18/01/2019,04:35:00,14,0,25,20,false,A,B
18/01/2019,04:36:00,14,0,0,39,false,B,C
18/01/2019,04:37:00,28,0,0,28,false,C,D
18/01/2019,04:38:00,3,0,24,28,false,D,A
18/01/2019,04:39:00,3,0,24,28,false,A,B
18/01/2019,04:40:00,16,0,10,28,false,B,C
18/01/2019,04:41:00,16,0,10,21,false,C,D
18/01/2019,04:42:00,12,7,10,42,false,D,A
18/01/2019,04:43:00,22,0,20,42,false,A,B
18/01/2019,04:44:00,36,0,23,42,false,B,C
18/01/2019,04:45:00,36,0,23,0,false,C,D
18/01/2019,04:46:00,11,9,23,21,false,D,A
18/01/2019,04:47:00,11,0,23,21,false,A,B
18/01/2019,04:48:00,17,13,0,21,false,B,C
18/01/2019,04:49:00,26,27,0,0,false,C,D
18/01/2019,04:50:00,1,27,15,25,false,D,A
18/01/2019,04:51:00,1,0,15,25,false,A,B
18/01/2019,04:52:00,1,0,25,25,false,B,C
18/01/2019,04:53:00,9,0,52,0,false,C,D
18/01/2019,04:54:00,11,9,52,13,false,D,A
18/01/2019,04:55:00,11,0,52,30,false,A,B
18/01/2019,04:56:00,11,0,7,30,false,B,C
18/01/2019,04:57:00,11,0,7,0,false,C,D
18/01/2019,04:58:00,0,0,28,0,false,D,A
18/01/2019,04:59:00,0,0,28,0,false,A,B
18/01/2019,05:00:00,13,16,0,19,false,B,C
18/01/2019,05:01:00,13,16,0,0,false,C,D
18/01/2019,05:02:00,0,16,0,0,false,D,A
18/01/2019,05:03:00,0,0,0,0,false,A,B
18/01/2019,05:04:00,0,0,0,20,false,B,C
18/01/2019,05:05:00,0,0,12,0,false,C,D
18/01/2019,05:06:00,0,0,12,0,false,D,A
18/01/2019,05:07:00,0,0,12,22,false,A,B
18/01/2019,05:08:00,0,16,0,22,false,B,C
18/01/2019,05:09:00,0,16,0,18,false,C,D
18/01/2019,05:10:00,0,16,0,18,false,D,A
18/01/2019,05:11:00,0,0,15,31,false,A,B
18/01/2019,05:12:00,0,0,0,50,false,B,C
18/01/2019,05:13:00,0,0,21,0,false,C,D
18/01/2019,05:14:00,9,8,21,0,false,D,A
18/01/2019,05:15:00,9,0,32,21,false,A,B
18/01/2019,05:16:00,9,0,0,21,false,B,C
18/01/2019,05:17:00,9,0,10,0,false,C,D
18/01/2019,05:18:00,0,0,10,14,false,D,A
18/01/2019,05:19:00,0,15,10,14,false,A,B
18/01/2019,05:20:00,14,15,0,36,false,B,C
18/01/2019,05:21:00,14,35,25,0,false,C,D
18/01/2019,05:22:00,8,51,46,0,false,D,A
18/01/2019,05:23:00,8,14,64,29,false,A,B
18/01/2019,05:24:00,8,14,19,59,false,B,C
18/01/2019,05:25:00,14,14,44,5,false,C,D
18/01/2019,05:26:00,7,27,69,22,false,D,A
18/01/2019,05:27:00,7,9,69,22,false,A,B
18/01/2019,05:28:00,7,9,42,22,false,B,C
18/01/2019,05:29:00,7,9,42,0,false,C,D
18/01/2019,05:30:00,0,9,42,0,false,D,A
18/01/2019,05:31:00,14,0,42,0,false,A,B
18/01/2019,05:32:00,14,12,0,0,false,B,C
18/01/2019,05:33:00,14,12,0,0,false,C,D
18/01/2019,05:34:00,0,12,25,14,false,D,A
18/01/2019,05:35:00,9,0,25,27,false,A,B
18/01/2019,05:36:00,22,14,0,40,false,B,C
18/01/2019,05:37:00,22,14,0,0,false,C,D
18/01/2019,05:38:00,0,34,24,11,false,D,A
18/01/2019,05:39:00,0,0,24,11,false,A,B
18/01/2019,05:40:00,0,0,13,11,false,B,C
18/01/2019,05:41:00,0,20,13,24,false,C,D
18/01/2019,05:42:00,0,20,13,24,false,D,A
18/01/2019,05:43:00,0,18,13,24,false,A,B
18/01/2019,05:44:00,5,18,0,24,false,B,C
18/01/2019,05:45:00,5,18,12,0,false,C,D
18/01/2019,05:46:00,0,18,25,30,false,D,A
18/01/2019,05:47:00,15,0,25,30,false,A,B
18/01/2019,05:48:00,15,19,0,30,false,B,C
18/01/2019,05:49:00,15,19,0,29,false,C,D
18/01/2019,05:50:00,0,19,0,29,false,D,A
18/01/2019,05:51:00,13,0,0,29,false,A,B
18/01/2019,05:52:00,13,0,0,29,false,B,C
18/01/2019,05:53:00,13,0,0,0,false,C,D
18/01/2019,05:54:00,0,0,0,0,false,D,A
18/01/2019,05:55:00,0,0,11,31,false,A,B
18/01/2019,05:56:00,0,0,0,31,false,B,C
18/01/2019,05:57:00,6,0,0,0,false,C,D
18/01/2019,05:58:00,0,0,0,0,false,D,A
18/01/2019,05:59:00,5,0,0,0,false,A,B
18/01/2019,06:00:00,5,8,0,0,false,B,C
18/01/2019,06:01:00,12,8,11,0,false,C,D
18/01/2019,06:02:00,0,8,21,13,false,D,A
18/01/2019,06:03:00,7,0,21,27,false,A,B
18/01/2019,06:04:00,7,0,16,27,false,B,C
18/01/2019,06:05:00,7,0,16,0,false,C,D
18/01/2019,06:06:00,0,16,28,0,false,D,A
18/01/2019,06:07:00,5,0,28,15,false,A,B
18/01/2019,06:08:00,13,0,0,15,false,B,C
18/01/2019,06:09:00,13,0,25,0,false,C,D
18/01/2019,06:10:00,0,0,25,0,false,D,A
18/01/2019,06:11:00,14,0,45,19,false,A,B
18/01/2019,06:12:00,14,0,0,19,false,B,C
18/01/2019,06:13:00,14,0,20,0,false,C,D
18/01/2019,06:14:00,0,0,39,0,false,D,A
18/01/2019,06:15:00,0,0,39,24,false,A,B
18/01/2019,06:16:00,0,0,23,24,false,B,C
18/01/2019,06:17:00,0,0,23,0,false,C,D
18/01/2019,06:18:00,0,0,23,0,false,D,A
18/01/2019,06:19:00,9,0,50,30,false,A,B
18/01/2019,06:20:00,16,0,25,30,false,B,C
18/01/2019,06:21:00,24,0,46,0,false,C,D
18/01/2019,06:22:00,0,0,60,0,false,D,A
18/01/2019,06:23:00,0,17,60,0,false,A,B
18/01/2019,06:24:00,0,25,25,0,false,B,C
18/01/2019,06:25:00,0,25,49,0,false,C,D
18/01/2019,06:26:00,0,40,49,31,false,D,A
18/01/2019,06:27:00,0,3,49,31,false,A,B
18/01/2019,06:28:00,0,3,4,31,false,B,C
18/01/2019,06:29:00,0,3,4,30,false,C,D
18/01/2019,06:30:00,0,11,18,30,false,D,A
18/01/2019,06:31:00,9,7,18,30,false,A,B
18/01/2019,06:32:00,19,20,23,46,false,B,C
18/01/2019,06:33:00,19,34,23,0,false,C,D
18/01/2019,06:34:00,0,56,23,0,false,D,A
18/01/2019,06:35:00,0,19,23,20,false,A,B
18/01/2019,06:36:00,0,19,0,20,false,B,C
18/01/2019,06:37:00,0,31,0,0,false,C,D
18/01/2019,06:38:00,0,31,0,0,false,D,A
18/01/2019,06:39:00,0,15,25,26,false,A,B
18/01/2019,06:40:00,6,15,0,37,false,B,C
18/01/2019,06:41:00,6,15,0,0,false,C,D
18/01/2019,06:42:00,0,15,0,31,false,D,A
18/01/2019,06:43:00,0,0,0,31,false,A,B
18/01/2019,06:44:00,0,0,24,31,false,B,C
18/01/2019,06:45:00,0,19,24,0,false,C,D
18/01/2019,06:46:00,0,19,45,0,false,D,A
18/01/2019,06:47:00,0,0,61,16,false,A,B
18/01/2019,06:48:00,0,0,28,16,false,B,C
18/01/2019,06:49:00,0,0,28,19,false,C,D
18/01/2019,06:50:00,5,0,28,19,false,D,A
18/01/2019,06:51:00,5,0,44,19,false,A,B
18/01/2019,06:52:00,5,0,0,46,false,B,C
18/01/2019,06:53:00,5,0,0,0,false,C,D
18/01/2019,06:54:00,11,0,9,21,false,D,A
18/01/2019,06:55:00,11,19,9,21,false,A,B
18/01/2019,06:56:00,11,29,9,21,false,B,C
18/01/2019,06:57:00,25,29,21,0,false,C,D
18/01/2019,06:58:00,0,45,21,23,false,D,A
18/01/2019,06:59:00,0,23,21,23,false,A,B
18/01/2019,07:00:00,0,23,0,53,false,B,C